BEGIN TRANSACTION;
CREATE TABLE IF NOT EXISTS "Category" (
	"id"	INTEGER NOT NULL,
	"name"	TEXT NOT NULL,
	PRIMARY KEY("id" AUTOINCREMENT)
);
CREATE TABLE IF NOT EXISTS "Description" (
	"id"	INTEGER NOT NULL,
	"content"	TEXT NOT NULL,
	"skillLevelId"	INTEGER NOT NULL,
	PRIMARY KEY("id" AUTOINCREMENT),
	CONSTRAINT "Description_skillLevelId_fkey" FOREIGN KEY("skillLevelId") REFERENCES "SkillLevel"("id") ON DELETE CASCADE ON UPDATE CASCADE
);
CREATE TABLE IF NOT EXISTS "Level" (
	"id"	INTEGER NOT NULL,
	"name"	TEXT NOT NULL,
	PRIMARY KEY("id" AUTOINCREMENT)
);
CREATE TABLE IF NOT EXISTS "Skill" (
	"id"	INTEGER NOT NULL,
	"code"	TEXT NOT NULL,
	"name"	TEXT NOT NULL,
	"subCategoryId"	INTEGER NOT NULL,
	PRIMARY KEY("id" AUTOINCREMENT),
	CONSTRAINT "Skill_subCategoryId_fkey" FOREIGN KEY("subCategoryId") REFERENCES "SubCategory"("id") ON DELETE CASCADE ON UPDATE CASCADE
);
CREATE TABLE IF NOT EXISTS "SkillLevel" (
	"id"	INTEGER NOT NULL,
	"skillId"	INTEGER NOT NULL,
	"levelId"	INTEGER NOT NULL,
	PRIMARY KEY("id" AUTOINCREMENT),
	CONSTRAINT "SkillLevel_levelId_fkey" FOREIGN KEY("levelId") REFERENCES "Level"("id") ON DELETE RESTRICT ON UPDATE CASCADE,
	CONSTRAINT "SkillLevel_skillId_fkey" FOREIGN KEY("skillId") REFERENCES "Skill"("id") ON DELETE CASCADE ON UPDATE CASCADE
);
CREATE TABLE IF NOT EXISTS "SubCategory" (
	"id"	INTEGER NOT NULL,
	"name"	TEXT NOT NULL,
	"categoryId"	INTEGER NOT NULL,
	PRIMARY KEY("id" AUTOINCREMENT),
	CONSTRAINT "SubCategory_categoryId_fkey" FOREIGN KEY("categoryId") REFERENCES "Category"("id") ON DELETE CASCADE ON UPDATE CASCADE
);
CREATE TABLE IF NOT EXISTS "_prisma_migrations" (
	"id"	TEXT NOT NULL,
	"checksum"	TEXT NOT NULL,
	"finished_at"	DATETIME,
	"migration_name"	TEXT NOT NULL,
	"logs"	TEXT,
	"rolled_back_at"	DATETIME,
	"started_at"	DATETIME NOT NULL DEFAULT current_timestamp,
	"applied_steps_count"	INTEGER UNSIGNED NOT NULL DEFAULT 0,
	PRIMARY KEY("id")
);
INSERT INTO "Category" VALUES (1,'Strategy and architecture');
INSERT INTO "Category" VALUES (2,'Change and transformation');
INSERT INTO "Category" VALUES (3,'Development and implementatoin');
INSERT INTO "Category" VALUES (4,'Delivery and operation');
INSERT INTO "Category" VALUES (5,'People and skills');
INSERT INTO "Category" VALUES (6,'Relationships and engagement');
INSERT INTO "Description" VALUES (1,'Contributes to the collection and analysis of information to support strategy development.',1);
INSERT INTO "Description" VALUES (2,'Assists in the preparation of reports and insights for strategic planning.',1);
INSERT INTO "Description" VALUES (3,'Supports the communication of strategic plans and related change initiatives to relevant stakeholders.',1);
INSERT INTO "Description" VALUES (4,'Helps monitor progress against strategic objectives and provides feedback.',1);
INSERT INTO "Description" VALUES (5,'Collates information and creates reports and insights to support strategy management processes.',2);
INSERT INTO "Description" VALUES (6,'Ensures all stakeholders are aware of the strategic management approach and timetables.',2);
INSERT INTO "Description" VALUES (7,'Provides support and guidance to help stakeholders adhere to the approach.',2);
INSERT INTO "Description" VALUES (8,'Develops and communicates plans to drive forward the strategy and related change planning.',2);
INSERT INTO "Description" VALUES (9,'Contributes to the development of policies, standards and guidelines for strategy development and planning.',2);
INSERT INTO "Description" VALUES (10,'Sets policies, standards and guidelines for how the organisation conducts strategy development and planning.',3);
INSERT INTO "Description" VALUES (11,'Leads and manages the creation or review of a strategy that meets the requirements of the business.',3);
INSERT INTO "Description" VALUES (12,'Develops, communicates, implements and reviews the processes which embed strategic management in the operational management of the organisation.',3);
INSERT INTO "Description" VALUES (13,'Leads the definition, implementation and communication of the organisation’s strategic management framework.',4);
INSERT INTO "Description" VALUES (14,'Directs the creation and review of a strategy and plans to support the strategic requirements of the business.',4);
INSERT INTO "Description" VALUES (15,'Maintains awareness of the global needs of the organisation.',5);
INSERT INTO "Description" VALUES (16,'Promotes the benefits that a common approach to technology deployment will bring to the entire organisation.',5);
INSERT INTO "Description" VALUES (17,'Coordinates and collaborates with others on the promotion, acquisition, development and implementation of information systems and services.',5);
INSERT INTO "Description" VALUES (18,'Establishes the organisation''s strategy for managing information and communicates the policies, standards, procedures and methods necessary to implement the strategy.',6);
INSERT INTO "Description" VALUES (19,'Coordinates all aspects of management of the lifecycle of information systems.',6);
INSERT INTO "Description" VALUES (20,'Represents the interests of the entire organisation to general management and external bodies on matters relating to information strategy.',6);
INSERT INTO "Description" VALUES (21,'Supports teams and individuals to identify and organise information assets and repositories in line with policy and practices.',7);
INSERT INTO "Description" VALUES (22,'Conducts routine searches for non-sensitive information needed to support organisational decision making.',7);
INSERT INTO "Description" VALUES (23,'Supports users to find and access information resources based on their requirements and approved access.',7);
INSERT INTO "Description" VALUES (24,'Enables the organisation to organise, control and discover information assets.',8);
INSERT INTO "Description" VALUES (25,'Supports the organisation to identify, catalogue and categorise information types and information repositories in line with information management strategies and practices.',8);
INSERT INTO "Description" VALUES (26,'Enables users to find information through appropriate use of metadata and search tools.',8);
INSERT INTO "Description" VALUES (27,'Provides advice and guidance to enable good information management practices to be adopted across the organisation.',8);
INSERT INTO "Description" VALUES (28,'Ensures implementation of information and records management policies and standard practice.',9);
INSERT INTO "Description" VALUES (29,'Communicates the benefits and value of information management.',9);
INSERT INTO "Description" VALUES (30,'Plans effective information storage, sharing and publishing within the organisation.',9);
INSERT INTO "Description" VALUES (31,'Develops organisational taxonomy for information assets.',9);
INSERT INTO "Description" VALUES (32,'Provides expert advice and guidance to enable the organisation to get maximum value from its information assets.',9);
INSERT INTO "Description" VALUES (33,'Assesses issues that might prevent the organisation from making maximum use of its information assets.',9);
INSERT INTO "Description" VALUES (34,'Contributes to the development of policy, standards and procedures for compliance with relevant legislation.',9);
INSERT INTO "Description" VALUES (35,'Leads and plans activities to communicate and implement information management strategies and policies.',10);
INSERT INTO "Description" VALUES (36,'Develops organisational policies, standards and guidelines for information management.',10);
INSERT INTO "Description" VALUES (37,'Ensures the information required to support the organisation is defined.',10);
INSERT INTO "Level" VALUES (1,'Follow');
INSERT INTO "Level" VALUES (2,'Assist');
INSERT INTO "Level" VALUES (3,'Apply');
INSERT INTO "Level" VALUES (4,'Enable');
INSERT INTO "Level" VALUES (5,'Ensure, advise');
INSERT INTO "Level" VALUES (6,'Initiate, influence');
INSERT INTO "Level" VALUES (7,'Set strategy, inspire, mobilise');
INSERT INTO "Skill" VALUES (1,'ITSP','Strategic planning',1);
INSERT INTO "Skill" VALUES (2,'ISCO','Information systems coordination',1);
INSERT INTO "Skill" VALUES (3,'IRMG','Information management',1);
INSERT INTO "Skill" VALUES (4,'STPL','Enterprise and business architecture',1);
INSERT INTO "Skill" VALUES (5,'ARCH','Solution architecture',1);
INSERT INTO "Skill" VALUES (6,'INOV','Innovation management',1);
INSERT INTO "Skill" VALUES (7,'EMRG','Emerging technology monitoring',1);
INSERT INTO "Skill" VALUES (8,'RSCH','Formal research',1);
INSERT INTO "Skill" VALUES (9,'SUST','Sustainability',1);
INSERT INTO "Skill" VALUES (10,'FMIT','Financial management',2);
INSERT INTO "Skill" VALUES (11,'INVA','Investment appraisal',2);
INSERT INTO "Skill" VALUES (12,'BENM','Benefits management',2);
INSERT INTO "Skill" VALUES (13,'BUDF','Budgeting and forecasting',2);
INSERT INTO "Skill" VALUES (14,'FIAN','Financial analysis',2);
INSERT INTO "Skill" VALUES (15,'COMG','Cost management',2);
INSERT INTO "Skill" VALUES (16,'DEMM','Demand management',2);
INSERT INTO "Skill" VALUES (17,'MEAS','Measurement',2);
INSERT INTO "Skill" VALUES (18,'SCTY','Information security',3);
INSERT INTO "Skill" VALUES (19,'INAS','Information assurance',3);
INSERT INTO "Skill" VALUES (20,'PEDP','Information and data compliance',3);
INSERT INTO "Skill" VALUES (21,'VURE','Vulnerability research',3);
INSERT INTO "Skill" VALUES (22,'THIN','Threat intelligence',3);
INSERT INTO "Skill" VALUES (23,'GOVN','Governance',4);
INSERT INTO "Skill" VALUES (24,'BURM','Risk management',4);
INSERT INTO "Skill" VALUES (25,'AIDE','Artificial intelligence (AI) and data ethics',4);
INSERT INTO "Skill" VALUES (26,'AUDT','Audit',4);
INSERT INTO "Skill" VALUES (27,'QUMG','Quality management',4);
INSERT INTO "Skill" VALUES (28,'QUAS','Quality assurance',4);
INSERT INTO "Skill" VALUES (29,'CNSL','Consultancy',5);
INSERT INTO "Skill" VALUES (30,'TECH','Specialist advice',5);
INSERT INTO "Skill" VALUES (31,'METL','Methods and tools',5);
INSERT INTO "Skill" VALUES (32,'POMG','Portfolio management',6);
INSERT INTO "Skill" VALUES (33,'PGMG','Programme management',6);
INSERT INTO "Skill" VALUES (34,'PRMG','Project management',6);
INSERT INTO "Skill" VALUES (35,'PROF','Portfolio, programme and project support',6);
INSERT INTO "Skill" VALUES (36,'DEMG','Delivery management',6);
INSERT INTO "Skill" VALUES (37,'BUSA','Business situation analysis',7);
INSERT INTO "Skill" VALUES (38,'FEAS','Feasibility assessment',7);
INSERT INTO "Skill" VALUES (39,'REQM','Requirements definition and management',7);
INSERT INTO "Skill" VALUES (40,'BSMO','Business modelling',7);
INSERT INTO "Skill" VALUES (41,'BPTS','User acceptance testing',7);
INSERT INTO "Skill" VALUES (42,'BPRE','Business process improvement',8);
INSERT INTO "Skill" VALUES (43,'OCDV','Organisational capability development',8);
INSERT INTO "Skill" VALUES (44,'JADN','Job analysis and design',8);
INSERT INTO "Skill" VALUES (45,'ORDI','Organisation design and implementation',8);
INSERT INTO "Skill" VALUES (46,'CIPM','Organisational change management',8);
INSERT INTO "Skill" VALUES (47,'OCEN','Organisational change enablement',8);
INSERT INTO "Skill" VALUES (48,'PROD','Product management',9);
INSERT INTO "Skill" VALUES (49,'DLMG','Systems development management',9);
INSERT INTO "Skill" VALUES (50,'SLEN','Systems and software lifecycle engineering',9);
INSERT INTO "Skill" VALUES (51,'DESN','Systems design',9);
INSERT INTO "Skill" VALUES (52,'SWDN','Software design',9);
INSERT INTO "Skill" VALUES (53,'NTDS','Network design',9);
INSERT INTO "Skill" VALUES (54,'IFDN','Infrastructure design',9);
INSERT INTO "Skill" VALUES (55,'HWDE','Hardware design',9);
INSERT INTO "Skill" VALUES (56,'PROG','Programming/software development',9);
INSERT INTO "Skill" VALUES (57,'SINT','Systems integration and build',9);
INSERT INTO "Skill" VALUES (58,'TEST','Functional testing',9);
INSERT INTO "Skill" VALUES (59,'NFTS','Non-functional testing',9);
INSERT INTO "Skill" VALUES (60,'PRTS','Process testing',9);
INSERT INTO "Skill" VALUES (61,'PORT','Software configuration',9);
INSERT INTO "Skill" VALUES (62,'RESD','Real-time/embedded systems development',9);
INSERT INTO "Skill" VALUES (63,'SFEN','Safety engineering',9);
INSERT INTO "Skill" VALUES (64,'SFAS','Safety assessment',9);
INSERT INTO "Skill" VALUES (65,'RFEN','Radio frequency engineering',9);
INSERT INTO "Skill" VALUES (66,'ADEV','Animation development',9);
INSERT INTO "Skill" VALUES (67,'DATM','Data management',10);
INSERT INTO "Skill" VALUES (68,'DTAN','Data modelling and design',10);
INSERT INTO "Skill" VALUES (69,'DBDS','Database design',10);
INSERT INTO "Skill" VALUES (70,'DAAN','Data analytics',10);
INSERT INTO "Skill" VALUES (71,'DATS','Data science',10);
INSERT INTO "Skill" VALUES (72,'MLNG','Machine learning',10);
INSERT INTO "Skill" VALUES (73,'BINT','Business intelligence',10);
INSERT INTO "Skill" VALUES (74,'DENG','Data engineering',10);
INSERT INTO "Skill" VALUES (75,'VISL','Data visualisation',10);
INSERT INTO "Skill" VALUES (76,'URCH','User research',11);
INSERT INTO "Skill" VALUES (77,'CEXP','Customer experience',11);
INSERT INTO "Skill" VALUES (78,'ACIN','Accessibility and inclusion',11);
INSERT INTO "Skill" VALUES (79,'UNAN','User experience analysis',11);
INSERT INTO "Skill" VALUES (80,'HCEV','User experience design',11);
INSERT INTO "Skill" VALUES (81,'USEV','User experience evaluation',11);
INSERT INTO "Skill" VALUES (82,'INCA','Content design and authoring',12);
INSERT INTO "Skill" VALUES (83,'ICPM','Content publishing',12);
INSERT INTO "Skill" VALUES (84,'KNOW','Knowledge management',12);
INSERT INTO "Skill" VALUES (85,'GRDN','Graphic design',12);
INSERT INTO "Skill" VALUES (86,'SCMO','Scientific modelling',13);
INSERT INTO "Skill" VALUES (87,'NUAN','Numerical analysis',13);
INSERT INTO "Skill" VALUES (88,'HPCC','High-performance computing',13);
INSERT INTO "Skill" VALUES (89,'ITMG','Technology service management',14);
INSERT INTO "Skill" VALUES (90,'ASUP','Application support',14);
INSERT INTO "Skill" VALUES (91,'ITOP','Infrastructure operations',14);
INSERT INTO "Skill" VALUES (92,'SYSP','System software administration',14);
INSERT INTO "Skill" VALUES (93,'NTAS','Network support',14);
INSERT INTO "Skill" VALUES (94,'HSIN','Systems installation and removal',14);
INSERT INTO "Skill" VALUES (95,'CFMG','Configuration management',14);
INSERT INTO "Skill" VALUES (96,'RELM','Release management',14);
INSERT INTO "Skill" VALUES (97,'DEPL','Deployment',14);
INSERT INTO "Skill" VALUES (98,'STMG','Storage management',14);
INSERT INTO "Skill" VALUES (99,'DCMA','Facilities management',14);
INSERT INTO "Skill" VALUES (100,'SLMO','Service level management',15);
INSERT INTO "Skill" VALUES (101,'SCMG','Service catalogue management',15);
INSERT INTO "Skill" VALUES (102,'AVMT','Availability management',15);
INSERT INTO "Skill" VALUES (103,'COPL','Continuity management',15);
INSERT INTO "Skill" VALUES (104,'CPMG','Capacity management',15);
INSERT INTO "Skill" VALUES (105,'USUP','Incident management',15);
INSERT INTO "Skill" VALUES (106,'PBMG','Problem management',15);
INSERT INTO "Skill" VALUES (107,'CHMG','Change control',15);
INSERT INTO "Skill" VALUES (108,'ASMG','Asset management',15);
INSERT INTO "Skill" VALUES (109,'SEAC','Service acceptance',15);
INSERT INTO "Skill" VALUES (110,'SCAD','Security operations',16);
INSERT INTO "Skill" VALUES (111,'IAMT','Identity and access management',16);
INSERT INTO "Skill" VALUES (112,'VUAS','Vulnerability assessment',16);
INSERT INTO "Skill" VALUES (113,'DGFS','Digital forensics',16);
INSERT INTO "Skill" VALUES (114,'CRIM','Cybercrime investigation',16);
INSERT INTO "Skill" VALUES (115,'OCOP','Offensive cyber operations',16);
INSERT INTO "Skill" VALUES (116,'PENT','Penetration testing',16);
INSERT INTO "Skill" VALUES (117,'RMGT','Records management',17);
INSERT INTO "Skill" VALUES (118,'ANCC','Analytical classification and coding',17);
INSERT INTO "Skill" VALUES (119,'DBAD','Database administration',17);
INSERT INTO "Skill" VALUES (120,'PEMT','Performance management',18);
INSERT INTO "Skill" VALUES (121,'EEXP','Employee experience',18);
INSERT INTO "Skill" VALUES (122,'OFCL','Organisational facilitation',18);
INSERT INTO "Skill" VALUES (123,'PDSV','Professional development',18);
INSERT INTO "Skill" VALUES (124,'WFPL','Workforce planning',18);
INSERT INTO "Skill" VALUES (125,'RESC','Resourcing',18);
INSERT INTO "Skill" VALUES (126,'ETMG','Learning and development management',19);
INSERT INTO "Skill" VALUES (127,'TMCR','Learning design and development',19);
INSERT INTO "Skill" VALUES (128,'ETDL','Learning delivery',19);
INSERT INTO "Skill" VALUES (129,'LEDA','Competency assessment',19);
INSERT INTO "Skill" VALUES (130,'CSOP','Certification scheme operation',19);
INSERT INTO "Skill" VALUES (131,'TEAC','Teaching',19);
INSERT INTO "Skill" VALUES (132,'SUBF','Subject formation',19);
INSERT INTO "Skill" VALUES (133,'SORC','Sourcing',20);
INSERT INTO "Skill" VALUES (134,'SUPP','Supplier management',20);
INSERT INTO "Skill" VALUES (135,'ITCM','Contract management',20);
INSERT INTO "Skill" VALUES (136,'RLMT','Stakeholder relationship management',20);
INSERT INTO "Skill" VALUES (137,'CSMG','Customer service support',20);
INSERT INTO "Skill" VALUES (138,'ADMN','Business administration',20);
INSERT INTO "Skill" VALUES (139,'BIDM','Bid/proposal management',21);
INSERT INTO "Skill" VALUES (140,'SALE','Selling',21);
INSERT INTO "Skill" VALUES (141,'SSUP','Sales support',21);
INSERT INTO "Skill" VALUES (142,'MKTG','Marketing management',22);
INSERT INTO "Skill" VALUES (143,'MRCH','Market research',22);
INSERT INTO "Skill" VALUES (144,'BRMG','Brand management',22);
INSERT INTO "Skill" VALUES (145,'CELO','Customer engagement and loyalty',22);
INSERT INTO "Skill" VALUES (146,'MKCM','Marketing campaign management',22);
INSERT INTO "Skill" VALUES (147,'DIGM','Digital marketing',22);
INSERT INTO "SkillLevel" VALUES (1,1,4);
INSERT INTO "SkillLevel" VALUES (2,1,5);
INSERT INTO "SkillLevel" VALUES (3,1,6);
INSERT INTO "SkillLevel" VALUES (4,1,7);
INSERT INTO "SkillLevel" VALUES (5,2,6);
INSERT INTO "SkillLevel" VALUES (6,2,7);
INSERT INTO "SkillLevel" VALUES (7,3,3);
INSERT INTO "SkillLevel" VALUES (8,3,4);
INSERT INTO "SkillLevel" VALUES (9,3,5);
INSERT INTO "SkillLevel" VALUES (10,3,6);
INSERT INTO "SkillLevel" VALUES (11,3,7);
INSERT INTO "SkillLevel" VALUES (12,4,5);
INSERT INTO "SkillLevel" VALUES (13,4,6);
INSERT INTO "SkillLevel" VALUES (14,4,7);
INSERT INTO "SkillLevel" VALUES (15,5,4);
INSERT INTO "SkillLevel" VALUES (16,5,5);
INSERT INTO "SkillLevel" VALUES (17,5,6);
INSERT INTO "SkillLevel" VALUES (18,6,5);
INSERT INTO "SkillLevel" VALUES (19,6,6);
INSERT INTO "SkillLevel" VALUES (20,6,7);
INSERT INTO "SkillLevel" VALUES (21,7,4);
INSERT INTO "SkillLevel" VALUES (22,7,5);
INSERT INTO "SkillLevel" VALUES (23,7,6);
INSERT INTO "SkillLevel" VALUES (24,8,2);
INSERT INTO "SkillLevel" VALUES (25,8,3);
INSERT INTO "SkillLevel" VALUES (26,8,4);
INSERT INTO "SkillLevel" VALUES (27,8,5);
INSERT INTO "SkillLevel" VALUES (28,8,6);
INSERT INTO "SkillLevel" VALUES (29,9,4);
INSERT INTO "SkillLevel" VALUES (30,9,5);
INSERT INTO "SkillLevel" VALUES (31,9,6);
INSERT INTO "SkillLevel" VALUES (32,10,4);
INSERT INTO "SkillLevel" VALUES (33,10,5);
INSERT INTO "SkillLevel" VALUES (34,10,6);
INSERT INTO "SkillLevel" VALUES (35,11,4);
INSERT INTO "SkillLevel" VALUES (36,11,5);
INSERT INTO "SkillLevel" VALUES (37,11,6);
INSERT INTO "SkillLevel" VALUES (38,12,3);
INSERT INTO "SkillLevel" VALUES (39,12,4);
INSERT INTO "SkillLevel" VALUES (40,12,5);
INSERT INTO "SkillLevel" VALUES (41,12,6);
INSERT INTO "SkillLevel" VALUES (42,13,2);
INSERT INTO "SkillLevel" VALUES (43,13,3);
INSERT INTO "SkillLevel" VALUES (44,13,4);
INSERT INTO "SkillLevel" VALUES (45,13,5);
INSERT INTO "SkillLevel" VALUES (46,13,6);
INSERT INTO "SkillLevel" VALUES (47,14,2);
INSERT INTO "SkillLevel" VALUES (48,14,3);
INSERT INTO "SkillLevel" VALUES (49,14,4);
INSERT INTO "SkillLevel" VALUES (50,14,5);
INSERT INTO "SkillLevel" VALUES (51,14,6);
INSERT INTO "SkillLevel" VALUES (52,15,2);
INSERT INTO "SkillLevel" VALUES (53,15,3);
INSERT INTO "SkillLevel" VALUES (54,15,4);
INSERT INTO "SkillLevel" VALUES (55,15,5);
INSERT INTO "SkillLevel" VALUES (56,15,6);
INSERT INTO "SkillLevel" VALUES (57,16,4);
INSERT INTO "SkillLevel" VALUES (58,16,5);
INSERT INTO "SkillLevel" VALUES (59,16,6);
INSERT INTO "SkillLevel" VALUES (60,17,2);
INSERT INTO "SkillLevel" VALUES (61,17,3);
INSERT INTO "SkillLevel" VALUES (62,17,4);
INSERT INTO "SkillLevel" VALUES (63,17,5);
INSERT INTO "SkillLevel" VALUES (64,17,6);
INSERT INTO "SkillLevel" VALUES (65,18,2);
INSERT INTO "SkillLevel" VALUES (66,18,3);
INSERT INTO "SkillLevel" VALUES (67,18,4);
INSERT INTO "SkillLevel" VALUES (68,18,5);
INSERT INTO "SkillLevel" VALUES (69,18,6);
INSERT INTO "SkillLevel" VALUES (70,18,7);
INSERT INTO "SkillLevel" VALUES (71,19,2);
INSERT INTO "SkillLevel" VALUES (72,19,3);
INSERT INTO "SkillLevel" VALUES (73,19,4);
INSERT INTO "SkillLevel" VALUES (74,19,5);
INSERT INTO "SkillLevel" VALUES (75,19,6);
INSERT INTO "SkillLevel" VALUES (76,19,7);
INSERT INTO "SkillLevel" VALUES (77,20,4);
INSERT INTO "SkillLevel" VALUES (78,20,5);
INSERT INTO "SkillLevel" VALUES (79,20,6);
INSERT INTO "SkillLevel" VALUES (80,21,2);
INSERT INTO "SkillLevel" VALUES (81,21,3);
INSERT INTO "SkillLevel" VALUES (82,21,4);
INSERT INTO "SkillLevel" VALUES (83,21,5);
INSERT INTO "SkillLevel" VALUES (84,21,6);
INSERT INTO "SkillLevel" VALUES (85,22,2);
INSERT INTO "SkillLevel" VALUES (86,22,3);
INSERT INTO "SkillLevel" VALUES (87,22,4);
INSERT INTO "SkillLevel" VALUES (88,22,5);
INSERT INTO "SkillLevel" VALUES (89,22,6);
INSERT INTO "SkillLevel" VALUES (90,23,6);
INSERT INTO "SkillLevel" VALUES (91,23,7);
INSERT INTO "SkillLevel" VALUES (92,24,2);
INSERT INTO "SkillLevel" VALUES (93,24,3);
INSERT INTO "SkillLevel" VALUES (94,24,4);
INSERT INTO "SkillLevel" VALUES (95,24,5);
INSERT INTO "SkillLevel" VALUES (96,24,6);
INSERT INTO "SkillLevel" VALUES (97,24,7);
INSERT INTO "SkillLevel" VALUES (98,25,3);
INSERT INTO "SkillLevel" VALUES (99,25,4);
INSERT INTO "SkillLevel" VALUES (100,25,5);
INSERT INTO "SkillLevel" VALUES (101,25,6);
INSERT INTO "SkillLevel" VALUES (102,26,2);
INSERT INTO "SkillLevel" VALUES (103,26,3);
INSERT INTO "SkillLevel" VALUES (104,26,4);
INSERT INTO "SkillLevel" VALUES (105,26,5);
INSERT INTO "SkillLevel" VALUES (106,26,6);
INSERT INTO "SkillLevel" VALUES (107,26,7);
INSERT INTO "SkillLevel" VALUES (108,27,2);
INSERT INTO "SkillLevel" VALUES (109,27,3);
INSERT INTO "SkillLevel" VALUES (110,27,4);
INSERT INTO "SkillLevel" VALUES (111,27,5);
INSERT INTO "SkillLevel" VALUES (112,27,6);
INSERT INTO "SkillLevel" VALUES (113,27,7);
INSERT INTO "SkillLevel" VALUES (114,28,2);
INSERT INTO "SkillLevel" VALUES (115,28,3);
INSERT INTO "SkillLevel" VALUES (116,28,4);
INSERT INTO "SkillLevel" VALUES (117,28,5);
INSERT INTO "SkillLevel" VALUES (118,28,6);
INSERT INTO "SkillLevel" VALUES (119,29,4);
INSERT INTO "SkillLevel" VALUES (120,29,5);
INSERT INTO "SkillLevel" VALUES (121,29,6);
INSERT INTO "SkillLevel" VALUES (122,29,7);
INSERT INTO "SkillLevel" VALUES (123,30,4);
INSERT INTO "SkillLevel" VALUES (124,30,5);
INSERT INTO "SkillLevel" VALUES (125,30,6);
INSERT INTO "SkillLevel" VALUES (126,31,2);
INSERT INTO "SkillLevel" VALUES (127,31,3);
INSERT INTO "SkillLevel" VALUES (128,31,4);
INSERT INTO "SkillLevel" VALUES (129,31,5);
INSERT INTO "SkillLevel" VALUES (130,31,6);
INSERT INTO "SkillLevel" VALUES (131,32,5);
INSERT INTO "SkillLevel" VALUES (132,32,6);
INSERT INTO "SkillLevel" VALUES (133,32,7);
INSERT INTO "SkillLevel" VALUES (134,33,6);
INSERT INTO "SkillLevel" VALUES (135,33,7);
INSERT INTO "SkillLevel" VALUES (136,34,4);
INSERT INTO "SkillLevel" VALUES (137,34,5);
INSERT INTO "SkillLevel" VALUES (138,34,6);
INSERT INTO "SkillLevel" VALUES (139,34,7);
INSERT INTO "SkillLevel" VALUES (140,35,2);
INSERT INTO "SkillLevel" VALUES (141,35,3);
INSERT INTO "SkillLevel" VALUES (142,35,4);
INSERT INTO "SkillLevel" VALUES (143,35,5);
INSERT INTO "SkillLevel" VALUES (144,35,6);
INSERT INTO "SkillLevel" VALUES (145,36,3);
INSERT INTO "SkillLevel" VALUES (146,36,4);
INSERT INTO "SkillLevel" VALUES (147,36,5);
INSERT INTO "SkillLevel" VALUES (148,36,6);
INSERT INTO "SkillLevel" VALUES (149,37,2);
INSERT INTO "SkillLevel" VALUES (150,37,3);
INSERT INTO "SkillLevel" VALUES (151,37,4);
INSERT INTO "SkillLevel" VALUES (152,37,5);
INSERT INTO "SkillLevel" VALUES (153,37,6);
INSERT INTO "SkillLevel" VALUES (154,38,2);
INSERT INTO "SkillLevel" VALUES (155,38,3);
INSERT INTO "SkillLevel" VALUES (156,38,4);
INSERT INTO "SkillLevel" VALUES (157,38,5);
INSERT INTO "SkillLevel" VALUES (158,38,6);
INSERT INTO "SkillLevel" VALUES (159,39,2);
INSERT INTO "SkillLevel" VALUES (160,39,3);
INSERT INTO "SkillLevel" VALUES (161,39,4);
INSERT INTO "SkillLevel" VALUES (162,39,5);
INSERT INTO "SkillLevel" VALUES (163,39,6);
INSERT INTO "SkillLevel" VALUES (164,40,2);
INSERT INTO "SkillLevel" VALUES (165,40,3);
INSERT INTO "SkillLevel" VALUES (166,40,4);
INSERT INTO "SkillLevel" VALUES (167,40,5);
INSERT INTO "SkillLevel" VALUES (168,40,6);
INSERT INTO "SkillLevel" VALUES (169,41,2);
INSERT INTO "SkillLevel" VALUES (170,41,3);
INSERT INTO "SkillLevel" VALUES (171,41,4);
INSERT INTO "SkillLevel" VALUES (172,41,5);
INSERT INTO "SkillLevel" VALUES (173,41,6);
INSERT INTO "SkillLevel" VALUES (174,42,2);
INSERT INTO "SkillLevel" VALUES (175,42,3);
INSERT INTO "SkillLevel" VALUES (176,42,4);
INSERT INTO "SkillLevel" VALUES (177,42,5);
INSERT INTO "SkillLevel" VALUES (178,42,6);
INSERT INTO "SkillLevel" VALUES (179,42,7);
INSERT INTO "SkillLevel" VALUES (180,43,5);
INSERT INTO "SkillLevel" VALUES (181,43,6);
INSERT INTO "SkillLevel" VALUES (182,43,7);
INSERT INTO "SkillLevel" VALUES (183,44,3);
INSERT INTO "SkillLevel" VALUES (184,44,4);
INSERT INTO "SkillLevel" VALUES (185,44,5);
INSERT INTO "SkillLevel" VALUES (186,45,3);
INSERT INTO "SkillLevel" VALUES (187,45,4);
INSERT INTO "SkillLevel" VALUES (188,45,5);
INSERT INTO "SkillLevel" VALUES (189,45,6);
INSERT INTO "SkillLevel" VALUES (190,45,7);
INSERT INTO "SkillLevel" VALUES (191,46,2);
INSERT INTO "SkillLevel" VALUES (192,46,3);
INSERT INTO "SkillLevel" VALUES (193,46,4);
INSERT INTO "SkillLevel" VALUES (194,46,5);
INSERT INTO "SkillLevel" VALUES (195,46,6);
INSERT INTO "SkillLevel" VALUES (196,47,4);
INSERT INTO "SkillLevel" VALUES (197,47,5);
INSERT INTO "SkillLevel" VALUES (198,47,6);
INSERT INTO "SkillLevel" VALUES (199,48,2);
INSERT INTO "SkillLevel" VALUES (200,48,3);
INSERT INTO "SkillLevel" VALUES (201,48,4);
INSERT INTO "SkillLevel" VALUES (202,48,5);
INSERT INTO "SkillLevel" VALUES (203,48,6);
INSERT INTO "SkillLevel" VALUES (204,49,4);
INSERT INTO "SkillLevel" VALUES (205,49,5);
INSERT INTO "SkillLevel" VALUES (206,49,6);
INSERT INTO "SkillLevel" VALUES (207,49,7);
INSERT INTO "SkillLevel" VALUES (208,50,3);
INSERT INTO "SkillLevel" VALUES (209,50,4);
INSERT INTO "SkillLevel" VALUES (210,50,5);
INSERT INTO "SkillLevel" VALUES (211,50,6);
INSERT INTO "SkillLevel" VALUES (212,50,7);
INSERT INTO "SkillLevel" VALUES (213,51,2);
INSERT INTO "SkillLevel" VALUES (214,51,3);
INSERT INTO "SkillLevel" VALUES (215,51,4);
INSERT INTO "SkillLevel" VALUES (216,51,5);
INSERT INTO "SkillLevel" VALUES (217,51,6);
INSERT INTO "SkillLevel" VALUES (218,52,2);
INSERT INTO "SkillLevel" VALUES (219,52,3);
INSERT INTO "SkillLevel" VALUES (220,52,4);
INSERT INTO "SkillLevel" VALUES (221,52,5);
INSERT INTO "SkillLevel" VALUES (222,52,6);
INSERT INTO "SkillLevel" VALUES (223,53,2);
INSERT INTO "SkillLevel" VALUES (224,53,3);
INSERT INTO "SkillLevel" VALUES (225,53,4);
INSERT INTO "SkillLevel" VALUES (226,53,5);
INSERT INTO "SkillLevel" VALUES (227,53,6);
INSERT INTO "SkillLevel" VALUES (228,54,2);
INSERT INTO "SkillLevel" VALUES (229,54,3);
INSERT INTO "SkillLevel" VALUES (230,54,4);
INSERT INTO "SkillLevel" VALUES (231,54,5);
INSERT INTO "SkillLevel" VALUES (232,54,6);
INSERT INTO "SkillLevel" VALUES (233,55,2);
INSERT INTO "SkillLevel" VALUES (234,55,3);
INSERT INTO "SkillLevel" VALUES (235,55,4);
INSERT INTO "SkillLevel" VALUES (236,55,5);
INSERT INTO "SkillLevel" VALUES (237,55,6);
INSERT INTO "SkillLevel" VALUES (238,56,2);
INSERT INTO "SkillLevel" VALUES (239,56,3);
INSERT INTO "SkillLevel" VALUES (240,56,4);
INSERT INTO "SkillLevel" VALUES (241,56,5);
INSERT INTO "SkillLevel" VALUES (242,56,6);
INSERT INTO "SkillLevel" VALUES (243,57,2);
INSERT INTO "SkillLevel" VALUES (244,57,3);
INSERT INTO "SkillLevel" VALUES (245,57,4);
INSERT INTO "SkillLevel" VALUES (246,57,5);
INSERT INTO "SkillLevel" VALUES (247,57,6);
INSERT INTO "SkillLevel" VALUES (248,58,1);
INSERT INTO "SkillLevel" VALUES (249,58,2);
INSERT INTO "SkillLevel" VALUES (250,58,3);
INSERT INTO "SkillLevel" VALUES (251,58,4);
INSERT INTO "SkillLevel" VALUES (252,58,5);
INSERT INTO "SkillLevel" VALUES (253,58,6);
INSERT INTO "SkillLevel" VALUES (254,59,1);
INSERT INTO "SkillLevel" VALUES (255,59,2);
INSERT INTO "SkillLevel" VALUES (256,59,3);
INSERT INTO "SkillLevel" VALUES (257,59,4);
INSERT INTO "SkillLevel" VALUES (258,59,5);
INSERT INTO "SkillLevel" VALUES (259,59,6);
INSERT INTO "SkillLevel" VALUES (260,60,1);
INSERT INTO "SkillLevel" VALUES (261,60,2);
INSERT INTO "SkillLevel" VALUES (262,60,3);
INSERT INTO "SkillLevel" VALUES (263,60,4);
INSERT INTO "SkillLevel" VALUES (264,60,5);
INSERT INTO "SkillLevel" VALUES (265,60,6);
INSERT INTO "SkillLevel" VALUES (266,61,2);
INSERT INTO "SkillLevel" VALUES (267,61,3);
INSERT INTO "SkillLevel" VALUES (268,61,4);
INSERT INTO "SkillLevel" VALUES (269,61,5);
INSERT INTO "SkillLevel" VALUES (270,61,6);
INSERT INTO "SkillLevel" VALUES (271,62,2);
INSERT INTO "SkillLevel" VALUES (272,62,3);
INSERT INTO "SkillLevel" VALUES (273,62,4);
INSERT INTO "SkillLevel" VALUES (274,62,5);
INSERT INTO "SkillLevel" VALUES (275,62,6);
INSERT INTO "SkillLevel" VALUES (276,63,2);
INSERT INTO "SkillLevel" VALUES (277,63,3);
INSERT INTO "SkillLevel" VALUES (278,63,4);
INSERT INTO "SkillLevel" VALUES (279,63,5);
INSERT INTO "SkillLevel" VALUES (280,63,6);
INSERT INTO "SkillLevel" VALUES (281,64,4);
INSERT INTO "SkillLevel" VALUES (282,64,5);
INSERT INTO "SkillLevel" VALUES (283,64,6);
INSERT INTO "SkillLevel" VALUES (284,65,2);
INSERT INTO "SkillLevel" VALUES (285,65,3);
INSERT INTO "SkillLevel" VALUES (286,65,4);
INSERT INTO "SkillLevel" VALUES (287,65,5);
INSERT INTO "SkillLevel" VALUES (288,65,6);
INSERT INTO "SkillLevel" VALUES (289,66,2);
INSERT INTO "SkillLevel" VALUES (290,66,3);
INSERT INTO "SkillLevel" VALUES (291,66,4);
INSERT INTO "SkillLevel" VALUES (292,66,5);
INSERT INTO "SkillLevel" VALUES (293,66,6);
INSERT INTO "SkillLevel" VALUES (294,67,2);
INSERT INTO "SkillLevel" VALUES (295,67,3);
INSERT INTO "SkillLevel" VALUES (296,67,4);
INSERT INTO "SkillLevel" VALUES (297,67,5);
INSERT INTO "SkillLevel" VALUES (298,67,6);
INSERT INTO "SkillLevel" VALUES (299,68,2);
INSERT INTO "SkillLevel" VALUES (300,68,3);
INSERT INTO "SkillLevel" VALUES (301,68,4);
INSERT INTO "SkillLevel" VALUES (302,68,5);
INSERT INTO "SkillLevel" VALUES (303,69,2);
INSERT INTO "SkillLevel" VALUES (304,69,3);
INSERT INTO "SkillLevel" VALUES (305,69,4);
INSERT INTO "SkillLevel" VALUES (306,69,5);
INSERT INTO "SkillLevel" VALUES (307,70,2);
INSERT INTO "SkillLevel" VALUES (308,70,3);
INSERT INTO "SkillLevel" VALUES (309,70,4);
INSERT INTO "SkillLevel" VALUES (310,70,5);
INSERT INTO "SkillLevel" VALUES (311,70,6);
INSERT INTO "SkillLevel" VALUES (312,70,7);
INSERT INTO "SkillLevel" VALUES (313,71,2);
INSERT INTO "SkillLevel" VALUES (314,71,3);
INSERT INTO "SkillLevel" VALUES (315,71,4);
INSERT INTO "SkillLevel" VALUES (316,71,5);
INSERT INTO "SkillLevel" VALUES (317,71,6);
INSERT INTO "SkillLevel" VALUES (318,72,2);
INSERT INTO "SkillLevel" VALUES (319,72,3);
INSERT INTO "SkillLevel" VALUES (320,72,4);
INSERT INTO "SkillLevel" VALUES (321,72,5);
INSERT INTO "SkillLevel" VALUES (322,72,6);
INSERT INTO "SkillLevel" VALUES (323,73,2);
INSERT INTO "SkillLevel" VALUES (324,73,3);
INSERT INTO "SkillLevel" VALUES (325,73,4);
INSERT INTO "SkillLevel" VALUES (326,73,5);
INSERT INTO "SkillLevel" VALUES (327,74,2);
INSERT INTO "SkillLevel" VALUES (328,74,3);
INSERT INTO "SkillLevel" VALUES (329,74,4);
INSERT INTO "SkillLevel" VALUES (330,74,5);
INSERT INTO "SkillLevel" VALUES (331,74,6);
INSERT INTO "SkillLevel" VALUES (332,75,2);
INSERT INTO "SkillLevel" VALUES (333,75,3);
INSERT INTO "SkillLevel" VALUES (334,75,4);
INSERT INTO "SkillLevel" VALUES (335,75,5);
INSERT INTO "SkillLevel" VALUES (336,76,2);
INSERT INTO "SkillLevel" VALUES (337,76,3);
INSERT INTO "SkillLevel" VALUES (338,76,4);
INSERT INTO "SkillLevel" VALUES (339,76,5);
INSERT INTO "SkillLevel" VALUES (340,76,6);
INSERT INTO "SkillLevel" VALUES (341,77,2);
INSERT INTO "SkillLevel" VALUES (342,77,3);
INSERT INTO "SkillLevel" VALUES (343,77,4);
INSERT INTO "SkillLevel" VALUES (344,77,5);
INSERT INTO "SkillLevel" VALUES (345,77,6);
INSERT INTO "SkillLevel" VALUES (346,78,2);
INSERT INTO "SkillLevel" VALUES (347,78,3);
INSERT INTO "SkillLevel" VALUES (348,78,4);
INSERT INTO "SkillLevel" VALUES (349,78,5);
INSERT INTO "SkillLevel" VALUES (350,78,6);
INSERT INTO "SkillLevel" VALUES (351,79,2);
INSERT INTO "SkillLevel" VALUES (352,79,3);
INSERT INTO "SkillLevel" VALUES (353,79,4);
INSERT INTO "SkillLevel" VALUES (354,79,5);
INSERT INTO "SkillLevel" VALUES (355,80,2);
INSERT INTO "SkillLevel" VALUES (356,80,3);
INSERT INTO "SkillLevel" VALUES (357,80,4);
INSERT INTO "SkillLevel" VALUES (358,80,5);
INSERT INTO "SkillLevel" VALUES (359,80,6);
INSERT INTO "SkillLevel" VALUES (360,81,2);
INSERT INTO "SkillLevel" VALUES (361,81,3);
INSERT INTO "SkillLevel" VALUES (362,81,4);
INSERT INTO "SkillLevel" VALUES (363,81,5);
INSERT INTO "SkillLevel" VALUES (364,81,6);
INSERT INTO "SkillLevel" VALUES (365,82,1);
INSERT INTO "SkillLevel" VALUES (366,82,2);
INSERT INTO "SkillLevel" VALUES (367,82,3);
INSERT INTO "SkillLevel" VALUES (368,82,4);
INSERT INTO "SkillLevel" VALUES (369,82,5);
INSERT INTO "SkillLevel" VALUES (370,82,6);
INSERT INTO "SkillLevel" VALUES (371,83,1);
INSERT INTO "SkillLevel" VALUES (372,83,2);
INSERT INTO "SkillLevel" VALUES (373,83,3);
INSERT INTO "SkillLevel" VALUES (374,83,4);
INSERT INTO "SkillLevel" VALUES (375,83,5);
INSERT INTO "SkillLevel" VALUES (376,83,6);
INSERT INTO "SkillLevel" VALUES (377,84,2);
INSERT INTO "SkillLevel" VALUES (378,84,3);
INSERT INTO "SkillLevel" VALUES (379,84,4);
INSERT INTO "SkillLevel" VALUES (380,84,5);
INSERT INTO "SkillLevel" VALUES (381,84,6);
INSERT INTO "SkillLevel" VALUES (382,84,7);
INSERT INTO "SkillLevel" VALUES (383,85,1);
INSERT INTO "SkillLevel" VALUES (384,85,2);
INSERT INTO "SkillLevel" VALUES (385,85,3);
INSERT INTO "SkillLevel" VALUES (386,85,4);
INSERT INTO "SkillLevel" VALUES (387,85,5);
INSERT INTO "SkillLevel" VALUES (388,86,4);
INSERT INTO "SkillLevel" VALUES (389,86,5);
INSERT INTO "SkillLevel" VALUES (390,86,6);
INSERT INTO "SkillLevel" VALUES (391,86,7);
INSERT INTO "SkillLevel" VALUES (392,87,4);
INSERT INTO "SkillLevel" VALUES (393,87,5);
INSERT INTO "SkillLevel" VALUES (394,87,6);
INSERT INTO "SkillLevel" VALUES (395,87,7);
INSERT INTO "SkillLevel" VALUES (396,88,4);
INSERT INTO "SkillLevel" VALUES (397,88,5);
INSERT INTO "SkillLevel" VALUES (398,88,6);
INSERT INTO "SkillLevel" VALUES (399,88,7);
INSERT INTO "SkillLevel" VALUES (400,89,5);
INSERT INTO "SkillLevel" VALUES (401,89,6);
INSERT INTO "SkillLevel" VALUES (402,89,7);
INSERT INTO "SkillLevel" VALUES (403,90,2);
INSERT INTO "SkillLevel" VALUES (404,90,3);
INSERT INTO "SkillLevel" VALUES (405,90,4);
INSERT INTO "SkillLevel" VALUES (406,90,5);
INSERT INTO "SkillLevel" VALUES (407,91,1);
INSERT INTO "SkillLevel" VALUES (408,91,2);
INSERT INTO "SkillLevel" VALUES (409,91,3);
INSERT INTO "SkillLevel" VALUES (410,91,4);
INSERT INTO "SkillLevel" VALUES (411,91,5);
INSERT INTO "SkillLevel" VALUES (412,92,2);
INSERT INTO "SkillLevel" VALUES (413,92,3);
INSERT INTO "SkillLevel" VALUES (414,92,4);
INSERT INTO "SkillLevel" VALUES (415,92,5);
INSERT INTO "SkillLevel" VALUES (416,93,1);
INSERT INTO "SkillLevel" VALUES (417,93,2);
INSERT INTO "SkillLevel" VALUES (418,93,3);
INSERT INTO "SkillLevel" VALUES (419,93,4);
INSERT INTO "SkillLevel" VALUES (420,93,5);
INSERT INTO "SkillLevel" VALUES (421,94,1);
INSERT INTO "SkillLevel" VALUES (422,94,2);
INSERT INTO "SkillLevel" VALUES (423,94,3);
INSERT INTO "SkillLevel" VALUES (424,94,4);
INSERT INTO "SkillLevel" VALUES (425,94,5);
INSERT INTO "SkillLevel" VALUES (426,95,2);
INSERT INTO "SkillLevel" VALUES (427,95,3);
INSERT INTO "SkillLevel" VALUES (428,95,4);
INSERT INTO "SkillLevel" VALUES (429,95,5);
INSERT INTO "SkillLevel" VALUES (430,95,6);
INSERT INTO "SkillLevel" VALUES (431,96,2);
INSERT INTO "SkillLevel" VALUES (432,96,3);
INSERT INTO "SkillLevel" VALUES (433,96,4);
INSERT INTO "SkillLevel" VALUES (434,96,5);
INSERT INTO "SkillLevel" VALUES (435,96,6);
INSERT INTO "SkillLevel" VALUES (436,97,2);
INSERT INTO "SkillLevel" VALUES (437,97,3);
INSERT INTO "SkillLevel" VALUES (438,97,4);
INSERT INTO "SkillLevel" VALUES (439,97,5);
INSERT INTO "SkillLevel" VALUES (440,97,6);
INSERT INTO "SkillLevel" VALUES (441,98,2);
INSERT INTO "SkillLevel" VALUES (442,98,3);
INSERT INTO "SkillLevel" VALUES (443,98,4);
INSERT INTO "SkillLevel" VALUES (444,98,5);
INSERT INTO "SkillLevel" VALUES (445,98,6);
INSERT INTO "SkillLevel" VALUES (446,99,2);
INSERT INTO "SkillLevel" VALUES (447,99,3);
INSERT INTO "SkillLevel" VALUES (448,99,4);
INSERT INTO "SkillLevel" VALUES (449,99,5);
INSERT INTO "SkillLevel" VALUES (450,99,6);
INSERT INTO "SkillLevel" VALUES (451,100,2);
INSERT INTO "SkillLevel" VALUES (452,100,3);
INSERT INTO "SkillLevel" VALUES (453,100,4);
INSERT INTO "SkillLevel" VALUES (454,100,5);
INSERT INTO "SkillLevel" VALUES (455,100,6);
INSERT INTO "SkillLevel" VALUES (456,100,7);
INSERT INTO "SkillLevel" VALUES (457,101,2);
INSERT INTO "SkillLevel" VALUES (458,101,3);
INSERT INTO "SkillLevel" VALUES (459,101,4);
INSERT INTO "SkillLevel" VALUES (460,101,5);
INSERT INTO "SkillLevel" VALUES (461,102,3);
INSERT INTO "SkillLevel" VALUES (462,102,4);
INSERT INTO "SkillLevel" VALUES (463,102,5);
INSERT INTO "SkillLevel" VALUES (464,102,6);
INSERT INTO "SkillLevel" VALUES (465,103,2);
INSERT INTO "SkillLevel" VALUES (466,103,3);
INSERT INTO "SkillLevel" VALUES (467,103,4);
INSERT INTO "SkillLevel" VALUES (468,103,5);
INSERT INTO "SkillLevel" VALUES (469,103,6);
INSERT INTO "SkillLevel" VALUES (470,104,2);
INSERT INTO "SkillLevel" VALUES (471,104,3);
INSERT INTO "SkillLevel" VALUES (472,104,4);
INSERT INTO "SkillLevel" VALUES (473,104,5);
INSERT INTO "SkillLevel" VALUES (474,104,6);
INSERT INTO "SkillLevel" VALUES (475,105,1);
INSERT INTO "SkillLevel" VALUES (476,105,2);
INSERT INTO "SkillLevel" VALUES (477,105,3);
INSERT INTO "SkillLevel" VALUES (478,105,4);
INSERT INTO "SkillLevel" VALUES (479,105,5);
INSERT INTO "SkillLevel" VALUES (480,105,6);
INSERT INTO "SkillLevel" VALUES (481,106,2);
INSERT INTO "SkillLevel" VALUES (482,106,3);
INSERT INTO "SkillLevel" VALUES (483,106,4);
INSERT INTO "SkillLevel" VALUES (484,106,5);
INSERT INTO "SkillLevel" VALUES (485,107,2);
INSERT INTO "SkillLevel" VALUES (486,107,3);
INSERT INTO "SkillLevel" VALUES (487,107,4);
INSERT INTO "SkillLevel" VALUES (488,107,5);
INSERT INTO "SkillLevel" VALUES (489,107,6);
INSERT INTO "SkillLevel" VALUES (490,108,2);
INSERT INTO "SkillLevel" VALUES (491,108,3);
INSERT INTO "SkillLevel" VALUES (492,108,4);
INSERT INTO "SkillLevel" VALUES (493,108,5);
INSERT INTO "SkillLevel" VALUES (494,108,6);
INSERT INTO "SkillLevel" VALUES (495,109,3);
INSERT INTO "SkillLevel" VALUES (496,109,4);
INSERT INTO "SkillLevel" VALUES (497,109,5);
INSERT INTO "SkillLevel" VALUES (498,109,6);
INSERT INTO "SkillLevel" VALUES (499,110,1);
INSERT INTO "SkillLevel" VALUES (500,110,2);
INSERT INTO "SkillLevel" VALUES (501,110,3);
INSERT INTO "SkillLevel" VALUES (502,110,4);
INSERT INTO "SkillLevel" VALUES (503,110,5);
INSERT INTO "SkillLevel" VALUES (504,110,6);
INSERT INTO "SkillLevel" VALUES (505,111,1);
INSERT INTO "SkillLevel" VALUES (506,111,2);
INSERT INTO "SkillLevel" VALUES (507,111,3);
INSERT INTO "SkillLevel" VALUES (508,111,4);
INSERT INTO "SkillLevel" VALUES (509,111,5);
INSERT INTO "SkillLevel" VALUES (510,111,6);
INSERT INTO "SkillLevel" VALUES (511,112,2);
INSERT INTO "SkillLevel" VALUES (512,112,3);
INSERT INTO "SkillLevel" VALUES (513,112,4);
INSERT INTO "SkillLevel" VALUES (514,112,5);
INSERT INTO "SkillLevel" VALUES (515,113,2);
INSERT INTO "SkillLevel" VALUES (516,113,3);
INSERT INTO "SkillLevel" VALUES (517,113,4);
INSERT INTO "SkillLevel" VALUES (518,113,5);
INSERT INTO "SkillLevel" VALUES (519,113,6);
INSERT INTO "SkillLevel" VALUES (520,114,2);
INSERT INTO "SkillLevel" VALUES (521,114,3);
INSERT INTO "SkillLevel" VALUES (522,114,4);
INSERT INTO "SkillLevel" VALUES (523,114,5);
INSERT INTO "SkillLevel" VALUES (524,114,6);
INSERT INTO "SkillLevel" VALUES (525,115,2);
INSERT INTO "SkillLevel" VALUES (526,115,3);
INSERT INTO "SkillLevel" VALUES (527,115,4);
INSERT INTO "SkillLevel" VALUES (528,115,5);
INSERT INTO "SkillLevel" VALUES (529,115,6);
INSERT INTO "SkillLevel" VALUES (530,116,2);
INSERT INTO "SkillLevel" VALUES (531,116,3);
INSERT INTO "SkillLevel" VALUES (532,116,4);
INSERT INTO "SkillLevel" VALUES (533,116,5);
INSERT INTO "SkillLevel" VALUES (534,116,6);
INSERT INTO "SkillLevel" VALUES (535,117,1);
INSERT INTO "SkillLevel" VALUES (536,117,2);
INSERT INTO "SkillLevel" VALUES (537,117,3);
INSERT INTO "SkillLevel" VALUES (538,117,4);
INSERT INTO "SkillLevel" VALUES (539,117,5);
INSERT INTO "SkillLevel" VALUES (540,118,2);
INSERT INTO "SkillLevel" VALUES (541,118,3);
INSERT INTO "SkillLevel" VALUES (542,118,4);
INSERT INTO "SkillLevel" VALUES (543,118,5);
INSERT INTO "SkillLevel" VALUES (544,118,6);
INSERT INTO "SkillLevel" VALUES (545,119,2);
INSERT INTO "SkillLevel" VALUES (546,119,3);
INSERT INTO "SkillLevel" VALUES (547,119,4);
INSERT INTO "SkillLevel" VALUES (548,119,5);
INSERT INTO "SkillLevel" VALUES (549,120,4);
INSERT INTO "SkillLevel" VALUES (550,120,5);
INSERT INTO "SkillLevel" VALUES (551,120,6);
INSERT INTO "SkillLevel" VALUES (552,121,4);
INSERT INTO "SkillLevel" VALUES (553,121,5);
INSERT INTO "SkillLevel" VALUES (554,121,6);
INSERT INTO "SkillLevel" VALUES (555,122,4);
INSERT INTO "SkillLevel" VALUES (556,122,5);
INSERT INTO "SkillLevel" VALUES (557,122,6);
INSERT INTO "SkillLevel" VALUES (558,123,4);
INSERT INTO "SkillLevel" VALUES (559,123,5);
INSERT INTO "SkillLevel" VALUES (560,123,6);
INSERT INTO "SkillLevel" VALUES (561,124,4);
INSERT INTO "SkillLevel" VALUES (562,124,5);
INSERT INTO "SkillLevel" VALUES (563,124,6);
INSERT INTO "SkillLevel" VALUES (564,125,2);
INSERT INTO "SkillLevel" VALUES (565,125,3);
INSERT INTO "SkillLevel" VALUES (566,125,4);
INSERT INTO "SkillLevel" VALUES (567,125,5);
INSERT INTO "SkillLevel" VALUES (568,125,6);
INSERT INTO "SkillLevel" VALUES (569,126,2);
INSERT INTO "SkillLevel" VALUES (570,126,3);
INSERT INTO "SkillLevel" VALUES (571,126,4);
INSERT INTO "SkillLevel" VALUES (572,126,5);
INSERT INTO "SkillLevel" VALUES (573,126,6);
INSERT INTO "SkillLevel" VALUES (574,126,7);
INSERT INTO "SkillLevel" VALUES (575,127,2);
INSERT INTO "SkillLevel" VALUES (576,127,3);
INSERT INTO "SkillLevel" VALUES (577,127,4);
INSERT INTO "SkillLevel" VALUES (578,127,5);
INSERT INTO "SkillLevel" VALUES (579,128,2);
INSERT INTO "SkillLevel" VALUES (580,128,3);
INSERT INTO "SkillLevel" VALUES (581,128,4);
INSERT INTO "SkillLevel" VALUES (582,128,5);
INSERT INTO "SkillLevel" VALUES (583,129,2);
INSERT INTO "SkillLevel" VALUES (584,129,3);
INSERT INTO "SkillLevel" VALUES (585,129,4);
INSERT INTO "SkillLevel" VALUES (586,129,5);
INSERT INTO "SkillLevel" VALUES (587,129,6);
INSERT INTO "SkillLevel" VALUES (588,130,2);
INSERT INTO "SkillLevel" VALUES (589,130,3);
INSERT INTO "SkillLevel" VALUES (590,130,4);
INSERT INTO "SkillLevel" VALUES (591,130,5);
INSERT INTO "SkillLevel" VALUES (592,130,6);
INSERT INTO "SkillLevel" VALUES (593,131,2);
INSERT INTO "SkillLevel" VALUES (594,131,3);
INSERT INTO "SkillLevel" VALUES (595,131,4);
INSERT INTO "SkillLevel" VALUES (596,131,5);
INSERT INTO "SkillLevel" VALUES (597,131,6);
INSERT INTO "SkillLevel" VALUES (598,131,7);
INSERT INTO "SkillLevel" VALUES (599,132,4);
INSERT INTO "SkillLevel" VALUES (600,132,5);
INSERT INTO "SkillLevel" VALUES (601,132,6);
INSERT INTO "SkillLevel" VALUES (602,132,7);
INSERT INTO "SkillLevel" VALUES (603,133,2);
INSERT INTO "SkillLevel" VALUES (604,133,3);
INSERT INTO "SkillLevel" VALUES (605,133,4);
INSERT INTO "SkillLevel" VALUES (606,133,5);
INSERT INTO "SkillLevel" VALUES (607,133,6);
INSERT INTO "SkillLevel" VALUES (608,133,7);
INSERT INTO "SkillLevel" VALUES (609,134,2);
INSERT INTO "SkillLevel" VALUES (610,134,3);
INSERT INTO "SkillLevel" VALUES (611,134,4);
INSERT INTO "SkillLevel" VALUES (612,134,5);
INSERT INTO "SkillLevel" VALUES (613,134,6);
INSERT INTO "SkillLevel" VALUES (614,134,7);
INSERT INTO "SkillLevel" VALUES (615,135,2);
INSERT INTO "SkillLevel" VALUES (616,135,3);
INSERT INTO "SkillLevel" VALUES (617,135,4);
INSERT INTO "SkillLevel" VALUES (618,135,5);
INSERT INTO "SkillLevel" VALUES (619,135,6);
INSERT INTO "SkillLevel" VALUES (620,135,7);
INSERT INTO "SkillLevel" VALUES (621,136,4);
INSERT INTO "SkillLevel" VALUES (622,136,5);
INSERT INTO "SkillLevel" VALUES (623,136,6);
INSERT INTO "SkillLevel" VALUES (624,136,7);
INSERT INTO "SkillLevel" VALUES (625,137,1);
INSERT INTO "SkillLevel" VALUES (626,137,2);
INSERT INTO "SkillLevel" VALUES (627,137,3);
INSERT INTO "SkillLevel" VALUES (628,137,4);
INSERT INTO "SkillLevel" VALUES (629,137,5);
INSERT INTO "SkillLevel" VALUES (630,137,6);
INSERT INTO "SkillLevel" VALUES (631,138,1);
INSERT INTO "SkillLevel" VALUES (632,138,2);
INSERT INTO "SkillLevel" VALUES (633,138,3);
INSERT INTO "SkillLevel" VALUES (634,138,4);
INSERT INTO "SkillLevel" VALUES (635,138,5);
INSERT INTO "SkillLevel" VALUES (636,138,6);
INSERT INTO "SkillLevel" VALUES (637,139,3);
INSERT INTO "SkillLevel" VALUES (638,139,4);
INSERT INTO "SkillLevel" VALUES (639,139,5);
INSERT INTO "SkillLevel" VALUES (640,139,6);
INSERT INTO "SkillLevel" VALUES (641,140,3);
INSERT INTO "SkillLevel" VALUES (642,140,4);
INSERT INTO "SkillLevel" VALUES (643,140,5);
INSERT INTO "SkillLevel" VALUES (644,140,6);
INSERT INTO "SkillLevel" VALUES (645,141,1);
INSERT INTO "SkillLevel" VALUES (646,141,2);
INSERT INTO "SkillLevel" VALUES (647,141,3);
INSERT INTO "SkillLevel" VALUES (648,141,4);
INSERT INTO "SkillLevel" VALUES (649,141,5);
INSERT INTO "SkillLevel" VALUES (650,141,6);
INSERT INTO "SkillLevel" VALUES (651,142,4);
INSERT INTO "SkillLevel" VALUES (652,142,5);
INSERT INTO "SkillLevel" VALUES (653,142,6);
INSERT INTO "SkillLevel" VALUES (654,142,7);
INSERT INTO "SkillLevel" VALUES (655,143,3);
INSERT INTO "SkillLevel" VALUES (656,143,4);
INSERT INTO "SkillLevel" VALUES (657,143,5);
INSERT INTO "SkillLevel" VALUES (658,143,6);
INSERT INTO "SkillLevel" VALUES (659,144,4);
INSERT INTO "SkillLevel" VALUES (660,144,5);
INSERT INTO "SkillLevel" VALUES (661,144,6);
INSERT INTO "SkillLevel" VALUES (662,145,3);
INSERT INTO "SkillLevel" VALUES (663,145,4);
INSERT INTO "SkillLevel" VALUES (664,145,5);
INSERT INTO "SkillLevel" VALUES (665,145,6);
INSERT INTO "SkillLevel" VALUES (666,146,3);
INSERT INTO "SkillLevel" VALUES (667,146,4);
INSERT INTO "SkillLevel" VALUES (668,146,5);
INSERT INTO "SkillLevel" VALUES (669,147,2);
INSERT INTO "SkillLevel" VALUES (670,147,3);
INSERT INTO "SkillLevel" VALUES (671,147,4);
INSERT INTO "SkillLevel" VALUES (672,147,5);
INSERT INTO "SubCategory" VALUES (1,'Strategy and planning',1);
INSERT INTO "SubCategory" VALUES (2,'Financial and value management',1);
INSERT INTO "SubCategory" VALUES (3,'Security and privacy',1);
INSERT INTO "SubCategory" VALUES (4,'Governance, risk and compliance',1);
INSERT INTO "SubCategory" VALUES (5,'Advice and guidance',1);
INSERT INTO "SubCategory" VALUES (6,'Change implementation',2);
INSERT INTO "SubCategory" VALUES (7,'Change analysis',2);
INSERT INTO "SubCategory" VALUES (8,'Change planning',2);
INSERT INTO "SubCategory" VALUES (9,'Systems development',3);
INSERT INTO "SubCategory" VALUES (10,'Data and analytics',3);
INSERT INTO "SubCategory" VALUES (11,'User centred design',3);
INSERT INTO "SubCategory" VALUES (12,'Content management',3);
INSERT INTO "SubCategory" VALUES (13,'Computational science',3);
INSERT INTO "SubCategory" VALUES (14,'Technology management',4);
INSERT INTO "SubCategory" VALUES (15,'Service management',4);
INSERT INTO "SubCategory" VALUES (16,'Security services',4);
INSERT INTO "SubCategory" VALUES (17,'Data and records operations',4);
INSERT INTO "SubCategory" VALUES (18,'People management',5);
INSERT INTO "SubCategory" VALUES (19,'Skills management',5);
INSERT INTO "SubCategory" VALUES (20,'Stakeholder management',6);
INSERT INTO "SubCategory" VALUES (21,'Sales and bid management',6);
INSERT INTO "SubCategory" VALUES (22,'Marketing',6);
INSERT INTO "_prisma_migrations" VALUES ('5a90db34-10f5-4f37-94a9-9b1342f719a7','8d27d6e0c716ebf39e28fca49c49024918ccbcf4ed8812261de3682b7cab7cc8',1762057535982,'20251102042535_init',NULL,NULL,1762057535972,1);
CREATE UNIQUE INDEX IF NOT EXISTS "Category_name_key" ON "Category" (
	"name"
);
CREATE UNIQUE INDEX IF NOT EXISTS "Level_name_key" ON "Level" (
	"name"
);
CREATE UNIQUE INDEX IF NOT EXISTS "SkillLevel_skillId_levelId_key" ON "SkillLevel" (
	"skillId",
	"levelId"
);
CREATE UNIQUE INDEX IF NOT EXISTS "Skill_code_key" ON "Skill" (
	"code"
);
CREATE UNIQUE INDEX IF NOT EXISTS "Skill_name_subCategoryId_key" ON "Skill" (
	"name",
	"subCategoryId"
);
CREATE UNIQUE INDEX IF NOT EXISTS "SubCategory_name_categoryId_key" ON "SubCategory" (
	"name",
	"categoryId"
);
COMMIT;
